registro_tse,instituto,uf,cargo,data_inicio,data_fim,data_divulgacao,amostra,margem_erro,metodologia,turno,cenario,candidato,percentual,impugnada,fonte_portal,fonte_url,dado_real
BR-06520/2026,Quaest,BR,Presidente,2026-09-24,2026-09-27,2026-09-28,2004,2.0,Presencial Domiciliar,1,Estimulada 1,Lula,39.0,0,g1,https://g1.globo.com/politica/eleicoes/2026/pesquisa-quaest-setembro.ghtml,VERDADEIRO
BR-06520/2026,Quaest,BR,Presidente,2026-09-24,2026-09-27,2026-09-28,2004,2.0,Presencial Domiciliar,1,Estimulada 1,Flávio Bolsonaro,34.0,0,g1,https://g1.globo.com/politica/eleicoes/2026/pesquisa-quaest-setembro.ghtml,VERDADEIRO
BR-06520/2026,Quaest,BR,Presidente,2026-09-24,2026-09-27,2026-09-28,2004,2.0,Presencial Domiciliar,1,Estimulada 1,Augusto Cury,4.0,0,g1,https://g1.globo.com/politica/eleicoes/2026/pesquisa-quaest-setembro.ghtml,VERDADEIRO
BR-06520/2026,Quaest,BR,Presidente,2026-09-24,2026-09-27,2026-09-28,2004,2.0,Presencial Domiciliar,1,Estimulada 1,Ronaldo Caiado,4.0,0,g1,https://g1.globo.com/politica/eleicoes/2026/pesquisa-quaest-setembro.ghtml,VERDADEIRO
BR-06520/2026,Quaest,BR,Presidente,2026-09-24,2026-09-27,2026-09-28,2004,2.0,Presencial Domiciliar,1,Estimulada 1,Renan Santos,3.0,0,g1,https://g1.globo.com/politica/eleicoes/2026/pesquisa-quaest-setembro.ghtml,VERDADEIRO
BR-06520/2026,Quaest,BR,Presidente,2026-09-24,2026-09-27,2026-09-28,2004,2.0,Presencial Domiciliar,1,Estimulada 1,Romeu Zema,1.0,0,g1,https://g1.globo.com/politica/eleicoes/2026/pesquisa-quaest-setembro.ghtml,VERDADEIRO
BR-06520/2026,Quaest,BR,Presidente,2026-09-24,2026-09-27,2026-09-28,2004,2.0,Presencial Domiciliar,1,Estimulada 1,Branco/Nulo,10.0,0,g1,https://g1.globo.com/politica/eleicoes/2026/pesquisa-quaest-setembro.ghtml,VERDADEIRO
BR-06520/2026,Quaest,BR,Presidente,2026-09-24,2026-09-27,2026-09-28,2004,2.0,Presencial Domiciliar,1,Estimulada 1,Indeciso/Não Sabe,5.0,0,g1,https://g1.globo.com/politica/eleicoes/2026/pesquisa-quaest-setembro.ghtml,VERDADEIRO
BR-06520/2026,Quaest,BR,Presidente,2026-09-24,2026-09-27,2026-09-28,2004,2.0,Presencial Domiciliar,2,2º Turno - Lula x Flávio Bolsonaro,Lula,42.0,0,g1,https://g1.globo.com/politica/eleicoes/2026/pesquisa-quaest-setembro.ghtml,VERDADEIRO
BR-06520/2026,Quaest,BR,Presidente,2026-09-24,2026-09-27,2026-09-28,2004,2.0,Presencial Domiciliar,2,2º Turno - Lula x Flávio Bolsonaro,Flávio Bolsonaro,42.0,0,g1,https://g1.globo.com/politica/eleicoes/2026/pesquisa-quaest-setembro.ghtml,VERDADEIRO
BR-06520/2026,Quaest,BR,Presidente,2026-09-24,2026-09-27,2026-09-28,2004,2.0,Presencial Domiciliar,2,2º Turno - Lula x Flávio Bolsonaro,Branco/Nulo,11.0,0,g1,https://g1.globo.com/politica/eleicoes/2026/pesquisa-quaest-setembro.ghtml,VERDADEIRO
BR-06520/2026,Quaest,BR,Presidente,2026-09-24,2026-09-27,2026-09-28,2004,2.0,Presencial Domiciliar,2,2º Turno - Lula x Flávio Bolsonaro,Indeciso/Não Sabe,5.0,0,g1,https://g1.globo.com/politica/eleicoes/2026/pesquisa-quaest-setembro.ghtml,VERDADEIRO
BR-04391/2026,AtlasIntel,BR,Presidente,2026-09-23,2026-09-28,2026-09-29,5005,1.0,Recrutamento Digital Aleatório (Atlas RDR),1,Estimulada 1,Lula,45.3,0,estadao,https://www.estadao.com.br/politica/pesquisa-atlasintel-setembro-2026,VERDADEIRO
BR-04391/2026,AtlasIntel,BR,Presidente,2026-09-23,2026-09-28,2026-09-29,5005,1.0,Recrutamento Digital Aleatório (Atlas RDR),1,Estimulada 1,Flávio Bolsonaro,42.2,0,estadao,https://www.estadao.com.br/politica/pesquisa-atlasintel-setembro-2026,VERDADEIRO
BR-04391/2026,AtlasIntel,BR,Presidente,2026-09-23,2026-09-28,2026-09-29,5005,1.0,Recrutamento Digital Aleatório (Atlas RDR),1,Estimulada 1,Ronaldo Caiado,3.5,0,estadao,https://www.estadao.com.br/politica/pesquisa-atlasintel-setembro-2026,VERDADEIRO
BR-04391/2026,AtlasIntel,BR,Presidente,2026-09-23,2026-09-28,2026-09-29,5005,1.0,Recrutamento Digital Aleatório (Atlas RDR),1,Estimulada 1,Ciro Gomes,3.0,0,estadao,https://www.estadao.com.br/politica/pesquisa-atlasintel-setembro-2026,VERDADEIRO
BR-04391/2026,AtlasIntel,BR,Presidente,2026-09-23,2026-09-28,2026-09-29,5005,1.0,Recrutamento Digital Aleatório (Atlas RDR),1,Estimulada 1,Romeu Zema,1.5,0,estadao,https://www.estadao.com.br/politica/pesquisa-atlasintel-setembro-2026,VERDADEIRO
BR-04391/2026,AtlasIntel,BR,Presidente,2026-09-23,2026-09-28,2026-09-29,5005,1.0,Recrutamento Digital Aleatório (Atlas RDR),1,Estimulada 1,Branco/Nulo,2.5,0,estadao,https://www.estadao.com.br/politica/pesquisa-atlasintel-setembro-2026,VERDADEIRO
BR-04391/2026,AtlasIntel,BR,Presidente,2026-09-23,2026-09-28,2026-09-29,5005,1.0,Recrutamento Digital Aleatório (Atlas RDR),1,Estimulada 1,Indeciso/Não Sabe,2.0,0,estadao,https://www.estadao.com.br/politica/pesquisa-atlasintel-setembro-2026,VERDADEIRO
BR-04391/2026,AtlasIntel,BR,Presidente,2026-09-23,2026-09-28,2026-09-29,5005,1.0,Recrutamento Digital Aleatório (Atlas RDR),2,2º Turno - Lula x Flávio Bolsonaro,Flávio Bolsonaro,47.7,0,estadao,https://www.estadao.com.br/politica/pesquisa-atlasintel-setembro-2026,VERDADEIRO
BR-04391/2026,AtlasIntel,BR,Presidente,2026-09-23,2026-09-28,2026-09-29,5005,1.0,Recrutamento Digital Aleatório (Atlas RDR),2,2º Turno - Lula x Flávio Bolsonaro,Lula,47.6,0,estadao,https://www.estadao.com.br/politica/pesquisa-atlasintel-setembro-2026,VERDADEIRO
BR-04391/2026,AtlasIntel,BR,Presidente,2026-09-23,2026-09-28,2026-09-29,5005,1.0,Recrutamento Digital Aleatório (Atlas RDR),2,2º Turno - Lula x Flávio Bolsonaro,Branco/Nulo,3.0,0,estadao,https://www.estadao.com.br/politica/pesquisa-atlasintel-setembro-2026,VERDADEIRO
BR-04391/2026,AtlasIntel,BR,Presidente,2026-09-23,2026-09-28,2026-09-29,5005,1.0,Recrutamento Digital Aleatório (Atlas RDR),2,2º Turno - Lula x Flávio Bolsonaro,Indeciso/Não Sabe,1.7,0,estadao,https://www.estadao.com.br/politica/pesquisa-atlasintel-setembro-2026,VERDADEIRO
BR-00304/2026,Datafolha,BR,Presidente,2026-09-22,2026-09-24,2026-09-24,2004,2.0,Presencial Domiciliar / Pontos de Fluxo,1,Estimulada 1,Lula,40.0,0,folha,https://www1.folha.uol.com.br/poder/2026/09/datafolha-lula-flavio-bolsonaro.shtml,VERDADEIRO
BR-00304/2026,Datafolha,BR,Presidente,2026-09-22,2026-09-24,2026-09-24,2004,2.0,Presencial Domiciliar / Pontos de Fluxo,1,Estimulada 1,Flávio Bolsonaro,36.0,0,folha,https://www1.folha.uol.com.br/poder/2026/09/datafolha-lula-flavio-bolsonaro.shtml,VERDADEIRO
BR-00304/2026,Datafolha,BR,Presidente,2026-09-22,2026-09-24,2026-09-24,2004,2.0,Presencial Domiciliar / Pontos de Fluxo,1,Estimulada 1,Augusto Cury,5.0,0,folha,https://www1.folha.uol.com.br/poder/2026/09/datafolha-lula-flavio-bolsonaro.shtml,VERDADEIRO
BR-00304/2026,Datafolha,BR,Presidente,2026-09-22,2026-09-24,2026-09-24,2004,2.0,Presencial Domiciliar / Pontos de Fluxo,1,Estimulada 1,Ronaldo Caiado,4.0,0,folha,https://www1.folha.uol.com.br/poder/2026/09/datafolha-lula-flavio-bolsonaro.shtml,VERDADEIRO
BR-00304/2026,Datafolha,BR,Presidente,2026-09-22,2026-09-24,2026-09-24,2004,2.0,Presencial Domiciliar / Pontos de Fluxo,1,Estimulada 1,Renan Santos,3.0,0,folha,https://www1.folha.uol.com.br/poder/2026/09/datafolha-lula-flavio-bolsonaro.shtml,VERDADEIRO
BR-00304/2026,Datafolha,BR,Presidente,2026-09-22,2026-09-24,2026-09-24,2004,2.0,Presencial Domiciliar / Pontos de Fluxo,1,Estimulada 1,Romeu Zema,2.0,0,folha,https://www1.folha.uol.com.br/poder/2026/09/datafolha-lula-flavio-bolsonaro.shtml,VERDADEIRO
BR-00304/2026,Datafolha,BR,Presidente,2026-09-22,2026-09-24,2026-09-24,2004,2.0,Presencial Domiciliar / Pontos de Fluxo,1,Estimulada 1,Branco/Nulo,6.0,0,folha,https://www1.folha.uol.com.br/poder/2026/09/datafolha-lula-flavio-bolsonaro.shtml,VERDADEIRO
BR-00304/2026,Datafolha,BR,Presidente,2026-09-22,2026-09-24,2026-09-24,2004,2.0,Presencial Domiciliar / Pontos de Fluxo,1,Estimulada 1,Indeciso/Não Sabe,4.0,0,folha,https://www1.folha.uol.com.br/poder/2026/09/datafolha-lula-flavio-bolsonaro.shtml,VERDADEIRO
BR-00304/2026,Datafolha,BR,Presidente,2026-09-22,2026-09-24,2026-09-24,2004,2.0,Presencial Domiciliar / Pontos de Fluxo,2,2º Turno - Lula x Flávio Bolsonaro,Lula,47.0,0,folha,https://www1.folha.uol.com.br/poder/2026/09/datafolha-lula-flavio-bolsonaro.shtml,VERDADEIRO
BR-00304/2026,Datafolha,BR,Presidente,2026-09-22,2026-09-24,2026-09-24,2004,2.0,Presencial Domiciliar / Pontos de Fluxo,2,2º Turno - Lula x Flávio Bolsonaro,Flávio Bolsonaro,45.0,0,folha,https://www1.folha.uol.com.br/poder/2026/09/datafolha-lula-flavio-bolsonaro.shtml,VERDADEIRO
BR-00304/2026,Datafolha,BR,Presidente,2026-09-22,2026-09-24,2026-09-24,2004,2.0,Presencial Domiciliar / Pontos de Fluxo,2,2º Turno - Lula x Flávio Bolsonaro,Branco/Nulo,5.0,0,folha,https://www1.folha.uol.com.br/poder/2026/09/datafolha-lula-flavio-bolsonaro.shtml,VERDADEIRO
BR-00304/2026,Datafolha,BR,Presidente,2026-09-22,2026-09-24,2026-09-24,2004,2.0,Presencial Domiciliar / Pontos de Fluxo,2,2º Turno - Lula x Flávio Bolsonaro,Indeciso/Não Sabe,3.0,0,folha,https://www1.folha.uol.com.br/poder/2026/09/datafolha-lula-flavio-bolsonaro.shtml,VERDADEIRO
BR-06902/2026,CNT/MDA,BR,Presidente,2026-09-09,2026-09-13,2026-09-15,2002,2.2,Presencial Domiciliar,1,Estimulada 1,Lula,40.6,0,cnn_brasil,https://www.cnnbrasil.com.br/politica/pesquisa-cnt-mda-setembro-2026/,VERDADEIRO
BR-06902/2026,CNT/MDA,BR,Presidente,2026-09-09,2026-09-13,2026-09-15,2002,2.2,Presencial Domiciliar,1,Estimulada 1,Flávio Bolsonaro,30.4,0,cnn_brasil,https://www.cnnbrasil.com.br/politica/pesquisa-cnt-mda-setembro-2026/,VERDADEIRO
BR-06902/2026,CNT/MDA,BR,Presidente,2026-09-09,2026-09-13,2026-09-15,2002,2.2,Presencial Domiciliar,1,Estimulada 1,Ronaldo Caiado,5.2,0,cnn_brasil,https://www.cnnbrasil.com.br/politica/pesquisa-cnt-mda-setembro-2026/,VERDADEIRO
BR-06902/2026,CNT/MDA,BR,Presidente,2026-09-09,2026-09-13,2026-09-15,2002,2.2,Presencial Domiciliar,1,Estimulada 1,Ciro Gomes,4.8,0,cnn_brasil,https://www.cnnbrasil.com.br/politica/pesquisa-cnt-mda-setembro-2026/,VERDADEIRO
BR-06902/2026,CNT/MDA,BR,Presidente,2026-09-09,2026-09-13,2026-09-15,2002,2.2,Presencial Domiciliar,1,Estimulada 1,Romeu Zema,3.0,0,cnn_brasil,https://www.cnnbrasil.com.br/politica/pesquisa-cnt-mda-setembro-2026/,VERDADEIRO
BR-06902/2026,CNT/MDA,BR,Presidente,2026-09-09,2026-09-13,2026-09-15,2002,2.2,Presencial Domiciliar,1,Estimulada 1,Branco/Nulo,9.5,0,cnn_brasil,https://www.cnnbrasil.com.br/politica/pesquisa-cnt-mda-setembro-2026/,VERDADEIRO
BR-06902/2026,CNT/MDA,BR,Presidente,2026-09-09,2026-09-13,2026-09-15,2002,2.2,Presencial Domiciliar,1,Estimulada 1,Indeciso/Não Sabe,6.5,0,cnn_brasil,https://www.cnnbrasil.com.br/politica/pesquisa-cnt-mda-setembro-2026/,VERDADEIRO
BR-06902/2026,CNT/MDA,BR,Presidente,2026-09-09,2026-09-13,2026-09-15,2002,2.2,Presencial Domiciliar,2,2º Turno - Lula x Flávio Bolsonaro,Lula,47.3,0,cnn_brasil,https://www.cnnbrasil.com.br/politica/pesquisa-cnt-mda-setembro-2026/,VERDADEIRO
BR-06902/2026,CNT/MDA,BR,Presidente,2026-09-09,2026-09-13,2026-09-15,2002,2.2,Presencial Domiciliar,2,2º Turno - Lula x Flávio Bolsonaro,Flávio Bolsonaro,40.0,0,cnn_brasil,https://www.cnnbrasil.com.br/politica/pesquisa-cnt-mda-setembro-2026/,VERDADEIRO
BR-06902/2026,CNT/MDA,BR,Presidente,2026-09-09,2026-09-13,2026-09-15,2002,2.2,Presencial Domiciliar,2,2º Turno - Lula x Flávio Bolsonaro,Branco/Nulo,8.0,0,cnn_brasil,https://www.cnnbrasil.com.br/politica/pesquisa-cnt-mda-setembro-2026/,VERDADEIRO
BR-06902/2026,CNT/MDA,BR,Presidente,2026-09-09,2026-09-13,2026-09-15,2002,2.2,Presencial Domiciliar,2,2º Turno - Lula x Flávio Bolsonaro,Indeciso/Não Sabe,4.7,0,cnn_brasil,https://www.cnnbrasil.com.br/politica/pesquisa-cnt-mda-setembro-2026/,VERDADEIRO
BR-04496/2026,Datafolha,BR,Presidente,2026-08-18,2026-08-20,2026-08-21,2004,2.0,Presencial Domiciliar,1,Estimulada 1,Lula,39.0,0,g1,https://g1.globo.com/politica/eleicoes/2026/pesquisa-datafolha-agosto.ghtml,VERDADEIRO
BR-04496/2026,Datafolha,BR,Presidente,2026-08-18,2026-08-20,2026-08-21,2004,2.0,Presencial Domiciliar,1,Estimulada 1,Flávio Bolsonaro,33.0,0,g1,https://g1.globo.com/politica/eleicoes/2026/pesquisa-datafolha-agosto.ghtml,VERDADEIRO
BR-04496/2026,Datafolha,BR,Presidente,2026-08-18,2026-08-20,2026-08-21,2004,2.0,Presencial Domiciliar,1,Estimulada 1,Ciro Gomes,6.0,0,g1,https://g1.globo.com/politica/eleicoes/2026/pesquisa-datafolha-agosto.ghtml,VERDADEIRO
BR-04496/2026,Datafolha,BR,Presidente,2026-08-18,2026-08-20,2026-08-21,2004,2.0,Presencial Domiciliar,1,Estimulada 1,Ronaldo Caiado,5.0,0,g1,https://g1.globo.com/politica/eleicoes/2026/pesquisa-datafolha-agosto.ghtml,VERDADEIRO
BR-04496/2026,Datafolha,BR,Presidente,2026-08-18,2026-08-20,2026-08-21,2004,2.0,Presencial Domiciliar,1,Estimulada 1,Romeu Zema,3.0,0,g1,https://g1.globo.com/politica/eleicoes/2026/pesquisa-datafolha-agosto.ghtml,VERDADEIRO
BR-04496/2026,Datafolha,BR,Presidente,2026-08-18,2026-08-20,2026-08-21,2004,2.0,Presencial Domiciliar,1,Estimulada 1,Branco/Nulo,8.0,0,g1,https://g1.globo.com/politica/eleicoes/2026/pesquisa-datafolha-agosto.ghtml,VERDADEIRO
BR-04496/2026,Datafolha,BR,Presidente,2026-08-18,2026-08-20,2026-08-21,2004,2.0,Presencial Domiciliar,1,Estimulada 1,Indeciso/Não Sabe,6.0,0,g1,https://g1.globo.com/politica/eleicoes/2026/pesquisa-datafolha-agosto.ghtml,VERDADEIRO
BR-04496/2026,Datafolha,BR,Presidente,2026-08-18,2026-08-20,2026-08-21,2004,2.0,Presencial Domiciliar,2,2º Turno - Lula x Flávio Bolsonaro,Lula,47.0,0,g1,https://g1.globo.com/politica/eleicoes/2026/pesquisa-datafolha-agosto.ghtml,VERDADEIRO
BR-04496/2026,Datafolha,BR,Presidente,2026-08-18,2026-08-20,2026-08-21,2004,2.0,Presencial Domiciliar,2,2º Turno - Lula x Flávio Bolsonaro,Flávio Bolsonaro,43.0,0,g1,https://g1.globo.com/politica/eleicoes/2026/pesquisa-datafolha-agosto.ghtml,VERDADEIRO
BR-04496/2026,Datafolha,BR,Presidente,2026-08-18,2026-08-20,2026-08-21,2004,2.0,Presencial Domiciliar,2,2º Turno - Lula x Flávio Bolsonaro,Branco/Nulo,6.0,0,g1,https://g1.globo.com/politica/eleicoes/2026/pesquisa-datafolha-agosto.ghtml,VERDADEIRO
BR-04496/2026,Datafolha,BR,Presidente,2026-08-18,2026-08-20,2026-08-21,2004,2.0,Presencial Domiciliar,2,2º Turno - Lula x Flávio Bolsonaro,Indeciso/Não Sabe,4.0,0,g1,https://g1.globo.com/politica/eleicoes/2026/pesquisa-datafolha-agosto.ghtml,VERDADEIRO
BR-06773/2026,Quaest,BR,Presidente,2026-08-10,2026-08-13,2026-08-14,2004,2.0,Presencial Domiciliar,1,Estimulada 1,Lula,38.0,0,uol,https://noticias.uol.com.br/eleicoes/2026/pesquisa-quaest-agosto.htm,VERDADEIRO
BR-06773/2026,Quaest,BR,Presidente,2026-08-10,2026-08-13,2026-08-14,2004,2.0,Presencial Domiciliar,1,Estimulada 1,Flávio Bolsonaro,31.0,0,uol,https://noticias.uol.com.br/eleicoes/2026/pesquisa-quaest-agosto.htm,VERDADEIRO
BR-06773/2026,Quaest,BR,Presidente,2026-08-10,2026-08-13,2026-08-14,2004,2.0,Presencial Domiciliar,1,Estimulada 1,Ciro Gomes,6.0,0,uol,https://noticias.uol.com.br/eleicoes/2026/pesquisa-quaest-agosto.htm,VERDADEIRO
BR-06773/2026,Quaest,BR,Presidente,2026-08-10,2026-08-13,2026-08-14,2004,2.0,Presencial Domiciliar,1,Estimulada 1,Ronaldo Caiado,5.0,0,uol,https://noticias.uol.com.br/eleicoes/2026/pesquisa-quaest-agosto.htm,VERDADEIRO
BR-06773/2026,Quaest,BR,Presidente,2026-08-10,2026-08-13,2026-08-14,2004,2.0,Presencial Domiciliar,1,Estimulada 1,Romeu Zema,3.0,0,uol,https://noticias.uol.com.br/eleicoes/2026/pesquisa-quaest-agosto.htm,VERDADEIRO
BR-06773/2026,Quaest,BR,Presidente,2026-08-10,2026-08-13,2026-08-14,2004,2.0,Presencial Domiciliar,1,Estimulada 1,Branco/Nulo,10.0,0,uol,https://noticias.uol.com.br/eleicoes/2026/pesquisa-quaest-agosto.htm,VERDADEIRO
BR-06773/2026,Quaest,BR,Presidente,2026-08-10,2026-08-13,2026-08-14,2004,2.0,Presencial Domiciliar,1,Estimulada 1,Indeciso/Não Sabe,7.0,0,uol,https://noticias.uol.com.br/eleicoes/2026/pesquisa-quaest-agosto.htm,VERDADEIRO
BR-06773/2026,Quaest,BR,Presidente,2026-08-10,2026-08-13,2026-08-14,2004,2.0,Presencial Domiciliar,2,2º Turno - Lula x Flávio Bolsonaro,Lula,44.0,0,uol,https://noticias.uol.com.br/eleicoes/2026/pesquisa-quaest-agosto.htm,VERDADEIRO
BR-06773/2026,Quaest,BR,Presidente,2026-08-10,2026-08-13,2026-08-14,2004,2.0,Presencial Domiciliar,2,2º Turno - Lula x Flávio Bolsonaro,Flávio Bolsonaro,40.0,0,uol,https://noticias.uol.com.br/eleicoes/2026/pesquisa-quaest-agosto.htm,VERDADEIRO
BR-06773/2026,Quaest,BR,Presidente,2026-08-10,2026-08-13,2026-08-14,2004,2.0,Presencial Domiciliar,2,2º Turno - Lula x Flávio Bolsonaro,Branco/Nulo,10.0,0,uol,https://noticias.uol.com.br/eleicoes/2026/pesquisa-quaest-agosto.htm,VERDADEIRO
BR-06773/2026,Quaest,BR,Presidente,2026-08-10,2026-08-13,2026-08-14,2004,2.0,Presencial Domiciliar,2,2º Turno - Lula x Flávio Bolsonaro,Indeciso/Não Sabe,6.0,0,uol,https://noticias.uol.com.br/eleicoes/2026/pesquisa-quaest-agosto.htm,VERDADEIRO
BR-06935/2026,CNT/MDA,BR,Presidente,2026-08-05,2026-08-09,2026-08-11,2002,2.2,Presencial Domiciliar,1,Estimulada 1,Lula,42.4,0,cnn_brasil,https://www.cnnbrasil.com.br/politica/cnt-mda-agosto-2026/,VERDADEIRO
BR-06935/2026,CNT/MDA,BR,Presidente,2026-08-05,2026-08-09,2026-08-11,2002,2.2,Presencial Domiciliar,1,Estimulada 1,Flávio Bolsonaro,28.7,0,cnn_brasil,https://www.cnnbrasil.com.br/politica/cnt-mda-agosto-2026/,VERDADEIRO
BR-06935/2026,CNT/MDA,BR,Presidente,2026-08-05,2026-08-09,2026-08-11,2002,2.2,Presencial Domiciliar,1,Estimulada 1,Ronaldo Caiado,6.0,0,cnn_brasil,https://www.cnnbrasil.com.br/politica/cnt-mda-agosto-2026/,VERDADEIRO
BR-06935/2026,CNT/MDA,BR,Presidente,2026-08-05,2026-08-09,2026-08-11,2002,2.2,Presencial Domiciliar,1,Estimulada 1,Ciro Gomes,5.0,0,cnn_brasil,https://www.cnnbrasil.com.br/politica/cnt-mda-agosto-2026/,VERDADEIRO
BR-06935/2026,CNT/MDA,BR,Presidente,2026-08-05,2026-08-09,2026-08-11,2002,2.2,Presencial Domiciliar,1,Estimulada 1,Romeu Zema,3.5,0,cnn_brasil,https://www.cnnbrasil.com.br/politica/cnt-mda-agosto-2026/,VERDADEIRO
BR-06935/2026,CNT/MDA,BR,Presidente,2026-08-05,2026-08-09,2026-08-11,2002,2.2,Presencial Domiciliar,1,Estimulada 1,Branco/Nulo,8.0,0,cnn_brasil,https://www.cnnbrasil.com.br/politica/cnt-mda-agosto-2026/,VERDADEIRO
BR-06935/2026,CNT/MDA,BR,Presidente,2026-08-05,2026-08-09,2026-08-11,2002,2.2,Presencial Domiciliar,1,Estimulada 1,Indeciso/Não Sabe,6.4,0,cnn_brasil,https://www.cnnbrasil.com.br/politica/cnt-mda-agosto-2026/,VERDADEIRO
BR-06935/2026,CNT/MDA,BR,Presidente,2026-08-05,2026-08-09,2026-08-11,2002,2.2,Presencial Domiciliar,2,2º Turno - Lula x Flávio Bolsonaro,Lula,48.0,0,cnn_brasil,https://www.cnnbrasil.com.br/politica/cnt-mda-agosto-2026/,VERDADEIRO
BR-06935/2026,CNT/MDA,BR,Presidente,2026-08-05,2026-08-09,2026-08-11,2002,2.2,Presencial Domiciliar,2,2º Turno - Lula x Flávio Bolsonaro,Flávio Bolsonaro,39.0,0,cnn_brasil,https://www.cnnbrasil.com.br/politica/cnt-mda-agosto-2026/,VERDADEIRO
BR-06935/2026,CNT/MDA,BR,Presidente,2026-08-05,2026-08-09,2026-08-11,2002,2.2,Presencial Domiciliar,2,2º Turno - Lula x Flávio Bolsonaro,Branco/Nulo,8.0,0,cnn_brasil,https://www.cnnbrasil.com.br/politica/cnt-mda-agosto-2026/,VERDADEIRO
BR-06935/2026,CNT/MDA,BR,Presidente,2026-08-05,2026-08-09,2026-08-11,2002,2.2,Presencial Domiciliar,2,2º Turno - Lula x Flávio Bolsonaro,Indeciso/Não Sabe,5.0,0,cnn_brasil,https://www.cnnbrasil.com.br/politica/cnt-mda-agosto-2026/,VERDADEIRO
BR-06591/2026,Quaest,BR,Presidente,2026-07-31,2026-08-03,2026-08-05,2004,2.0,Presencial Domiciliar,1,Estimulada 1,Lula,39.0,0,uol,https://noticias.uol.com.br/eleicoes/2026/pesquisa-genial-quaest-julho-agosto.htm,VERDADEIRO
BR-06591/2026,Quaest,BR,Presidente,2026-07-31,2026-08-03,2026-08-05,2004,2.0,Presencial Domiciliar,1,Estimulada 1,Flávio Bolsonaro,30.0,0,uol,https://noticias.uol.com.br/eleicoes/2026/pesquisa-genial-quaest-julho-agosto.htm,VERDADEIRO
BR-06591/2026,Quaest,BR,Presidente,2026-07-31,2026-08-03,2026-08-05,2004,2.0,Presencial Domiciliar,1,Estimulada 1,Ciro Gomes,7.0,0,uol,https://noticias.uol.com.br/eleicoes/2026/pesquisa-genial-quaest-julho-agosto.htm,VERDADEIRO
BR-06591/2026,Quaest,BR,Presidente,2026-07-31,2026-08-03,2026-08-05,2004,2.0,Presencial Domiciliar,1,Estimulada 1,Ronaldo Caiado,5.0,0,uol,https://noticias.uol.com.br/eleicoes/2026/pesquisa-genial-quaest-julho-agosto.htm,VERDADEIRO
BR-06591/2026,Quaest,BR,Presidente,2026-07-31,2026-08-03,2026-08-05,2004,2.0,Presencial Domiciliar,1,Estimulada 1,Romeu Zema,4.0,0,uol,https://noticias.uol.com.br/eleicoes/2026/pesquisa-genial-quaest-julho-agosto.htm,VERDADEIRO
BR-06591/2026,Quaest,BR,Presidente,2026-07-31,2026-08-03,2026-08-05,2004,2.0,Presencial Domiciliar,1,Estimulada 1,Branco/Nulo,9.0,0,uol,https://noticias.uol.com.br/eleicoes/2026/pesquisa-genial-quaest-julho-agosto.htm,VERDADEIRO
BR-06591/2026,Quaest,BR,Presidente,2026-07-31,2026-08-03,2026-08-05,2004,2.0,Presencial Domiciliar,1,Estimulada 1,Indeciso/Não Sabe,6.0,0,uol,https://noticias.uol.com.br/eleicoes/2026/pesquisa-genial-quaest-julho-agosto.htm,VERDADEIRO
BR-06591/2026,Quaest,BR,Presidente,2026-07-31,2026-08-03,2026-08-05,2004,2.0,Presencial Domiciliar,2,2º Turno - Lula x Flávio Bolsonaro,Lula,45.0,0,uol,https://noticias.uol.com.br/eleicoes/2026/pesquisa-genial-quaest-julho-agosto.htm,VERDADEIRO
BR-06591/2026,Quaest,BR,Presidente,2026-07-31,2026-08-03,2026-08-05,2004,2.0,Presencial Domiciliar,2,2º Turno - Lula x Flávio Bolsonaro,Flávio Bolsonaro,38.0,0,uol,https://noticias.uol.com.br/eleicoes/2026/pesquisa-genial-quaest-julho-agosto.htm,VERDADEIRO
BR-06591/2026,Quaest,BR,Presidente,2026-07-31,2026-08-03,2026-08-05,2004,2.0,Presencial Domiciliar,2,2º Turno - Lula x Flávio Bolsonaro,Branco/Nulo,11.0,0,uol,https://noticias.uol.com.br/eleicoes/2026/pesquisa-genial-quaest-julho-agosto.htm,VERDADEIRO
BR-06591/2026,Quaest,BR,Presidente,2026-07-31,2026-08-03,2026-08-05,2004,2.0,Presencial Domiciliar,2,2º Turno - Lula x Flávio Bolsonaro,Indeciso/Não Sabe,6.0,0,uol,https://noticias.uol.com.br/eleicoes/2026/pesquisa-genial-quaest-julho-agosto.htm,VERDADEIRO
BR-01166/2026,Datafolha,BR,Presidente,2026-07-22,2026-07-23,2026-07-24,2004,2.0,Presencial Domiciliar,1,Estimulada 1,Lula,40.0,0,folha,https://www1.folha.uol.com.br/poder/2026/07/datafolha-julho-2026.shtml,VERDADEIRO
BR-01166/2026,Datafolha,BR,Presidente,2026-07-22,2026-07-23,2026-07-24,2004,2.0,Presencial Domiciliar,1,Estimulada 1,Flávio Bolsonaro,32.0,0,folha,https://www1.folha.uol.com.br/poder/2026/07/datafolha-julho-2026.shtml,VERDADEIRO
BR-01166/2026,Datafolha,BR,Presidente,2026-07-22,2026-07-23,2026-07-24,2004,2.0,Presencial Domiciliar,1,Estimulada 1,Ciro Gomes,7.0,0,folha,https://www1.folha.uol.com.br/poder/2026/07/datafolha-julho-2026.shtml,VERDADEIRO
BR-01166/2026,Datafolha,BR,Presidente,2026-07-22,2026-07-23,2026-07-24,2004,2.0,Presencial Domiciliar,1,Estimulada 1,Ronaldo Caiado,5.0,0,folha,https://www1.folha.uol.com.br/poder/2026/07/datafolha-julho-2026.shtml,VERDADEIRO
BR-01166/2026,Datafolha,BR,Presidente,2026-07-22,2026-07-23,2026-07-24,2004,2.0,Presencial Domiciliar,1,Estimulada 1,Romeu Zema,3.0,0,folha,https://www1.folha.uol.com.br/poder/2026/07/datafolha-julho-2026.shtml,VERDADEIRO
BR-01166/2026,Datafolha,BR,Presidente,2026-07-22,2026-07-23,2026-07-24,2004,2.0,Presencial Domiciliar,1,Estimulada 1,Branco/Nulo,8.0,0,folha,https://www1.folha.uol.com.br/poder/2026/07/datafolha-julho-2026.shtml,VERDADEIRO
BR-01166/2026,Datafolha,BR,Presidente,2026-07-22,2026-07-23,2026-07-24,2004,2.0,Presencial Domiciliar,1,Estimulada 1,Indeciso/Não Sabe,5.0,0,folha,https://www1.folha.uol.com.br/poder/2026/07/datafolha-julho-2026.shtml,VERDADEIRO
BR-01166/2026,Datafolha,BR,Presidente,2026-07-22,2026-07-23,2026-07-24,2004,2.0,Presencial Domiciliar,2,2º Turno - Lula x Flávio Bolsonaro,Lula,48.0,0,folha,https://www1.folha.uol.com.br/poder/2026/07/datafolha-julho-2026.shtml,VERDADEIRO
BR-01166/2026,Datafolha,BR,Presidente,2026-07-22,2026-07-23,2026-07-24,2004,2.0,Presencial Domiciliar,2,2º Turno - Lula x Flávio Bolsonaro,Flávio Bolsonaro,41.0,0,folha,https://www1.folha.uol.com.br/poder/2026/07/datafolha-julho-2026.shtml,VERDADEIRO
BR-01166/2026,Datafolha,BR,Presidente,2026-07-22,2026-07-23,2026-07-24,2004,2.0,Presencial Domiciliar,2,2º Turno - Lula x Flávio Bolsonaro,Branco/Nulo,7.0,0,folha,https://www1.folha.uol.com.br/poder/2026/07/datafolha-julho-2026.shtml,VERDADEIRO
BR-01166/2026,Datafolha,BR,Presidente,2026-07-22,2026-07-23,2026-07-24,2004,2.0,Presencial Domiciliar,2,2º Turno - Lula x Flávio Bolsonaro,Indeciso/Não Sabe,4.0,0,folha,https://www1.folha.uol.com.br/poder/2026/07/datafolha-julho-2026.shtml,VERDADEIRO
BR-04256/2026,CNT/MDA,BR,Presidente,2026-06-10,2026-06-14,2026-06-16,2002,2.2,Presencial Domiciliar,1,Estimulada 1,Lula,41.8,0,cnn_brasil,https://www.cnnbrasil.com.br/politica/cnt-mda-junho-2026/,VERDADEIRO
BR-04256/2026,CNT/MDA,BR,Presidente,2026-06-10,2026-06-14,2026-06-16,2002,2.2,Presencial Domiciliar,1,Estimulada 1,Flávio Bolsonaro,28.2,0,cnn_brasil,https://www.cnnbrasil.com.br/politica/cnt-mda-junho-2026/,VERDADEIRO
BR-04256/2026,CNT/MDA,BR,Presidente,2026-06-10,2026-06-14,2026-06-16,2002,2.2,Presencial Domiciliar,1,Estimulada 1,Ciro Gomes,6.5,0,cnn_brasil,https://www.cnnbrasil.com.br/politica/cnt-mda-junho-2026/,VERDADEIRO
BR-04256/2026,CNT/MDA,BR,Presidente,2026-06-10,2026-06-14,2026-06-16,2002,2.2,Presencial Domiciliar,1,Estimulada 1,Ronaldo Caiado,5.0,0,cnn_brasil,https://www.cnnbrasil.com.br/politica/cnt-mda-junho-2026/,VERDADEIRO
BR-04256/2026,CNT/MDA,BR,Presidente,2026-06-10,2026-06-14,2026-06-16,2002,2.2,Presencial Domiciliar,1,Estimulada 1,Romeu Zema,3.5,0,cnn_brasil,https://www.cnnbrasil.com.br/politica/cnt-mda-junho-2026/,VERDADEIRO
BR-04256/2026,CNT/MDA,BR,Presidente,2026-06-10,2026-06-14,2026-06-16,2002,2.2,Presencial Domiciliar,1,Estimulada 1,Branco/Nulo,8.5,0,cnn_brasil,https://www.cnnbrasil.com.br/politica/cnt-mda-junho-2026/,VERDADEIRO
BR-04256/2026,CNT/MDA,BR,Presidente,2026-06-10,2026-06-14,2026-06-16,2002,2.2,Presencial Domiciliar,1,Estimulada 1,Indeciso/Não Sabe,6.5,0,cnn_brasil,https://www.cnnbrasil.com.br/politica/cnt-mda-junho-2026/,VERDADEIRO
BR-04256/2026,CNT/MDA,BR,Presidente,2026-06-10,2026-06-14,2026-06-16,2002,2.2,Presencial Domiciliar,2,2º Turno - Lula x Flávio Bolsonaro,Lula,49.3,0,cnn_brasil,https://www.cnnbrasil.com.br/politica/cnt-mda-junho-2026/,VERDADEIRO
BR-04256/2026,CNT/MDA,BR,Presidente,2026-06-10,2026-06-14,2026-06-16,2002,2.2,Presencial Domiciliar,2,2º Turno - Lula x Flávio Bolsonaro,Flávio Bolsonaro,36.8,0,cnn_brasil,https://www.cnnbrasil.com.br/politica/cnt-mda-junho-2026/,VERDADEIRO
BR-04256/2026,CNT/MDA,BR,Presidente,2026-06-10,2026-06-14,2026-06-16,2002,2.2,Presencial Domiciliar,2,2º Turno - Lula x Flávio Bolsonaro,Branco/Nulo,8.0,0,cnn_brasil,https://www.cnnbrasil.com.br/politica/cnt-mda-junho-2026/,VERDADEIRO
BR-04256/2026,CNT/MDA,BR,Presidente,2026-06-10,2026-06-14,2026-06-16,2002,2.2,Presencial Domiciliar,2,2º Turno - Lula x Flávio Bolsonaro,Indeciso/Não Sabe,5.9,0,cnn_brasil,https://www.cnnbrasil.com.br/politica/cnt-mda-junho-2026/,VERDADEIRO
BR-02847/2026,CNT/MDA,BR,Presidente,2026-04-08,2026-04-12,2026-04-14,2002,2.2,Presencial Domiciliar,1,Estimulada 1,Lula,39.2,0,cnn_brasil,https://www.cnnbrasil.com.br/politica/cnt-mda-abril-2026/,VERDADEIRO
BR-02847/2026,CNT/MDA,BR,Presidente,2026-04-08,2026-04-12,2026-04-14,2002,2.2,Presencial Domiciliar,1,Estimulada 1,Flávio Bolsonaro,30.2,0,cnn_brasil,https://www.cnnbrasil.com.br/politica/cnt-mda-abril-2026/,VERDADEIRO
BR-02847/2026,CNT/MDA,BR,Presidente,2026-04-08,2026-04-12,2026-04-14,2002,2.2,Presencial Domiciliar,1,Estimulada 1,Ciro Gomes,7.0,0,cnn_brasil,https://www.cnnbrasil.com.br/politica/cnt-mda-abril-2026/,VERDADEIRO
BR-02847/2026,CNT/MDA,BR,Presidente,2026-04-08,2026-04-12,2026-04-14,2002,2.2,Presencial Domiciliar,1,Estimulada 1,Ronaldo Caiado,5.0,0,cnn_brasil,https://www.cnnbrasil.com.br/politica/cnt-mda-abril-2026/,VERDADEIRO
BR-02847/2026,CNT/MDA,BR,Presidente,2026-04-08,2026-04-12,2026-04-14,2002,2.2,Presencial Domiciliar,1,Estimulada 1,Romeu Zema,4.0,0,cnn_brasil,https://www.cnnbrasil.com.br/politica/cnt-mda-abril-2026/,VERDADEIRO
BR-02847/2026,CNT/MDA,BR,Presidente,2026-04-08,2026-04-12,2026-04-14,2002,2.2,Presencial Domiciliar,1,Estimulada 1,Branco/Nulo,8.6,0,cnn_brasil,https://www.cnnbrasil.com.br/politica/cnt-mda-abril-2026/,VERDADEIRO
BR-02847/2026,CNT/MDA,BR,Presidente,2026-04-08,2026-04-12,2026-04-14,2002,2.2,Presencial Domiciliar,1,Estimulada 1,Indeciso/Não Sabe,6.0,0,cnn_brasil,https://www.cnnbrasil.com.br/politica/cnt-mda-abril-2026/,VERDADEIRO
BR-02847/2026,CNT/MDA,BR,Presidente,2026-04-08,2026-04-12,2026-04-14,2002,2.2,Presencial Domiciliar,2,2º Turno - Lula x Flávio Bolsonaro,Lula,44.9,0,cnn_brasil,https://www.cnnbrasil.com.br/politica/cnt-mda-abril-2026/,VERDADEIRO
BR-02847/2026,CNT/MDA,BR,Presidente,2026-04-08,2026-04-12,2026-04-14,2002,2.2,Presencial Domiciliar,2,2º Turno - Lula x Flávio Bolsonaro,Flávio Bolsonaro,40.2,0,cnn_brasil,https://www.cnnbrasil.com.br/politica/cnt-mda-abril-2026/,VERDADEIRO
BR-02847/2026,CNT/MDA,BR,Presidente,2026-04-08,2026-04-12,2026-04-14,2002,2.2,Presencial Domiciliar,2,2º Turno - Lula x Flávio Bolsonaro,Branco/Nulo,9.0,0,cnn_brasil,https://www.cnnbrasil.com.br/politica/cnt-mda-abril-2026/,VERDADEIRO
BR-02847/2026,CNT/MDA,BR,Presidente,2026-04-08,2026-04-12,2026-04-14,2002,2.2,Presencial Domiciliar,2,2º Turno - Lula x Flávio Bolsonaro,Indeciso/Não Sabe,5.9,0,cnn_brasil,https://www.cnnbrasil.com.br/politica/cnt-mda-abril-2026/,VERDADEIRO
BR-00873/2026,Paraná Pesquisas,BR,Presidente,2026-03-25,2026-03-28,2026-03-29,2080,2.2,Presencial Face a Face,1,Estimulada 1,Lula,41.3,0,gazetadopovo,https://www.gazetadopovo.com.br/eleicoes/parana-pesquisas-marco-2026/,VERDADEIRO
BR-00873/2026,Paraná Pesquisas,BR,Presidente,2026-03-25,2026-03-28,2026-03-29,2080,2.2,Presencial Face a Face,1,Estimulada 1,Flávio Bolsonaro,37.8,0,gazetadopovo,https://www.gazetadopovo.com.br/eleicoes/parana-pesquisas-marco-2026/,VERDADEIRO
BR-00873/2026,Paraná Pesquisas,BR,Presidente,2026-03-25,2026-03-28,2026-03-29,2080,2.2,Presencial Face a Face,1,Estimulada 1,Ronaldo Caiado,3.6,0,gazetadopovo,https://www.gazetadopovo.com.br/eleicoes/parana-pesquisas-marco-2026/,VERDADEIRO
BR-00873/2026,Paraná Pesquisas,BR,Presidente,2026-03-25,2026-03-28,2026-03-29,2080,2.2,Presencial Face a Face,1,Estimulada 1,Romeu Zema,3.0,0,gazetadopovo,https://www.gazetadopovo.com.br/eleicoes/parana-pesquisas-marco-2026/,VERDADEIRO
BR-00873/2026,Paraná Pesquisas,BR,Presidente,2026-03-25,2026-03-28,2026-03-29,2080,2.2,Presencial Face a Face,1,Estimulada 1,Renan Santos,1.2,0,gazetadopovo,https://www.gazetadopovo.com.br/eleicoes/parana-pesquisas-marco-2026/,VERDADEIRO
BR-00873/2026,Paraná Pesquisas,BR,Presidente,2026-03-25,2026-03-28,2026-03-29,2080,2.2,Presencial Face a Face,1,Estimulada 1,Branco/Nulo,7.2,0,gazetadopovo,https://www.gazetadopovo.com.br/eleicoes/parana-pesquisas-marco-2026/,VERDADEIRO
BR-00873/2026,Paraná Pesquisas,BR,Presidente,2026-03-25,2026-03-28,2026-03-29,2080,2.2,Presencial Face a Face,1,Estimulada 1,Indeciso/Não Sabe,4.8,0,gazetadopovo,https://www.gazetadopovo.com.br/eleicoes/parana-pesquisas-marco-2026/,VERDADEIRO
BR-00873/2026,Paraná Pesquisas,BR,Presidente,2026-03-25,2026-03-28,2026-03-29,2080,2.2,Presencial Face a Face,2,2º Turno - Lula x Flávio Bolsonaro,Flávio Bolsonaro,45.2,0,gazetadopovo,https://www.gazetadopovo.com.br/eleicoes/parana-pesquisas-marco-2026/,VERDADEIRO
BR-00873/2026,Paraná Pesquisas,BR,Presidente,2026-03-25,2026-03-28,2026-03-29,2080,2.2,Presencial Face a Face,2,2º Turno - Lula x Flávio Bolsonaro,Lula,44.1,0,gazetadopovo,https://www.gazetadopovo.com.br/eleicoes/parana-pesquisas-marco-2026/,VERDADEIRO
BR-00873/2026,Paraná Pesquisas,BR,Presidente,2026-03-25,2026-03-28,2026-03-29,2080,2.2,Presencial Face a Face,2,2º Turno - Lula x Flávio Bolsonaro,Branco/Nulo,6.5,0,gazetadopovo,https://www.gazetadopovo.com.br/eleicoes/parana-pesquisas-marco-2026/,VERDADEIRO
BR-00873/2026,Paraná Pesquisas,BR,Presidente,2026-03-25,2026-03-28,2026-03-29,2080,2.2,Presencial Face a Face,2,2º Turno - Lula x Flávio Bolsonaro,Indeciso/Não Sabe,4.2,0,gazetadopovo,https://www.gazetadopovo.com.br/eleicoes/parana-pesquisas-marco-2026/,VERDADEIRO
